Unnamed: 0.1,Unnamed: 0,bundle_adjacency_voxels,dice_voxels,w_dice_voxels,volume_overlap,volume_overreach,dice_voxels_endpoints,w_dice_voxels_endpoints,volume_overlap_endpoints,volume_overreach_endpoints,density_correlation,density_correlation_endpoints,bundle_adjacency_streamlines,TCK,SUBID,btw,analysis
48,48,1.339778396511243,0.5077233042310271,0.723496735095977,3082.430923461914,5977.306526184082,0.71505376344086,0.8691860437393181,1084.5590286254885,864.3853912353516,0.714598178614079,0.5088279912958641,2.535092145204544,L_Area_25,07CAMINO6124,T01vsT02,AL_07
49,49,1.3072671967206682,0.454642475987193,0.6600656509399411,8684.626808166504,20834.94976043701,0.531516183986371,0.6031613945960991,1272.1143493652344,2242.5092697143555,0.6044934575312311,0.425086832200859,8.258642733097076,L_Area_25,26CAMINO3920,T01vsT02,AL_07
50,50,0.65876915932249,0.545306122448979,0.6108576059341431,2723.629440307617,4542.100593566895,0.5718654434250761,0.655955672264099,1524.9063034057615,2283.282165527344,0.0,0.0,2.761081218719482,L_Area_25,41TPEF4693,T01vsT02,AL_07
51,51,4.667777179396885,0.067786442711457,0.21332424879074,921.4674453735352,25344.43203735352,0.341920374707259,0.483233243227005,595.2842788696289,2291.4367446899414,0.0,0.0,10.689058184623718,L_Area_25,S016,T01vsT02,AL_07
52,52,3.732931752153021,0.194756554307116,0.279799431562423,212.01905822753903,1753.234519958496,0.203389830508474,0.304878056049346,97.85494995117188,766.5304412841797,0.0,0.01395177863871,5.417269229888916,L_Area_25,S017,T01vsT02,AL_07
53,53,0.54666001993291,0.6774872257288841,0.9098070859909052,9190.21071624756,8749.863441467285,0.6949494949494951,0.8865591287612911,1402.5876159667969,1231.341453552246,0.8901394933630971,0.6888135864614721,2.266558686892191,L_Area_25,S018,T01vsT02,AL_07
54,54,0.6375501365633991,0.660440293529019,0.912646353244781,4036.51668548584,4150.680793762207,0.7711711711711711,0.934447705745697,1745.0799407958984,1035.6315536499023,0.6840812881724001,0.6176752721609291,2.006176471710205,L_Area_25,S020,T01vsT02,AL_07
55,55,0.175624578028809,0.8209876543209871,0.9812375903129572,2169.118057250977,945.931182861328,0.7798408488063661,0.915043890476226,1198.7231369018557,676.8300704956055,0.8405714186889911,0.741149436498289,0.6322305202484131,L_Area_25,S021,T01vsT02,AL_07
56,56,0.479743487574992,0.6070588235294111,0.8554971814155571,1051.9407119750977,1361.8147201538086,0.579710144927536,0.744123458862304,652.3663330078125,945.931182861328,0.589258739631584,0.241552807938257,1.367537498474121,L_Area_25,S022,T01vsT02,AL_07
57,57,0.138928272163536,0.8665048543689321,0.9903491735458372,2911.184761047364,897.0037078857422,0.8857142857142851,0.988546907901763,1516.751724243164,391.4197998046875,0.976153805492028,0.9631901975456392,0.566191315650939,L_Area_25,S023,T01vsT02,AL_07
58,58,1.773800642507737,0.5635093845482321,0.7395501136779781,10527.561698913574,16309.158325195312,0.685612788632326,0.809147536754608,1573.8337783813477,1443.3605117797852,0.509406329387409,0.621433048453032,7.688173989454905,L_Area_25,S024,T01vsT02,AL_07
59,59,0.337677261854072,0.739974126778783,0.9680313467979432,2332.2096405029297,1639.070411682129,0.736,0.947493314743042,1500.4425659179688,1076.4044494628906,0.8744466025435901,0.742969429668425,1.121689081192016,L_Area_25,S025,T01vsT02,AL_07
60,60,0.405017255838463,0.6761984861227921,0.9187235832214352,3278.140823364258,3139.5129776000977,0.7503924646781791,0.912883341312408,1948.94441986084,1296.5780868530271,0.825941289901956,0.64213421549825,0.64624547958374,L_Area_25,S027,T01vsT02,AL_07
61,61,0.7777477070007981,0.555371900826446,0.8086910843849181,1369.9692993164062,2193.581794738769,0.480662983425414,0.7075088620185851,709.4483871459961,1533.0608825683594,0.410079778951503,0.162910256414043,2.754047393798828,L_Area_25,S028,T01vsT02,AL_07
62,62,0.189790966123977,0.8213125406107861,0.976552546024322,5153.694030761719,2242.5092697143555,0.7637540453074431,0.93898868560791,1924.4806823730469,1190.5685577392578,0.7915801592210061,0.826330966871846,1.042733788490295,L_Area_25,S029,T01vsT02,AL_07
63,63,1.829841408868076,0.454320987654321,0.622416853904724,3751.106414794922,9010.80997467041,0.6286836935166991,0.7349025011062621,1304.732666015625,1541.215461730957,0.263694124820391,0.16238712961318,5.002204060554504,L_Area_25,S031,T01vsT02,AL_07
64,64,1.151700240255917,0.567814062959694,0.8130947947502131,7869.168891906738,11979.076789855955,0.78502080443828,0.9385042190551752,2307.7459030151367,1263.9597702026367,0.6375040397232371,0.666287939296625,3.162249593064189,L_Area_25,S032,T01vsT02,AL_07
65,65,5.349698221650577,0.128328240942819,0.31876465678215,1198.7231369018557,16284.69458770752,0.423236514522821,0.40841469168663,831.7670745849609,2266.9730072021484,0.0,0.0,12.642305374145508,L_Area_25,S033,T01vsT02,AL_07
66,66,1.21297124980016,0.5659911023232821,0.6933711171150201,9336.993141174316,14319.441009521484,0.706921944035346,0.8402962684631341,1957.0989990234373,1622.7612533569336,0.075490439879656,0.162823279178491,3.416851808627446,L_Area_25,S034,T01vsT02,AL_07
67,67,0.612782998715625,0.6203872853489221,0.843895733356475,6923.23770904541,8472.607749938965,0.7142857142857141,0.8515831232070921,2324.055061340332,1859.2440490722656,0.6439941087352681,0.443446103870493,3.141526460647583,L_Area_25,S035,T01vsT02,AL_07
68,68,0.398223688459365,0.715154463634152,0.8754087686538691,11987.231369018557,9549.012199401855,0.669158878504672,0.765746653079986,1459.6696701049805,1443.3605117797852,0.515053614546761,0.369411533392098,2.763072649637858,L_Area_25,S036,T01vsT02,AL_07
69,69,0.726557698043193,0.5312934631432541,0.6238721013069151,4672.573860168457,8244.27953338623,0.442148760330578,0.536934435367584,872.5399703979492,2201.736373901367,0.253159202315621,0.243497970415799,3.394583861033121,L_Area_25,S037,T01vsT02,AL_07
70,70,0.325644607438761,0.7625508819538671,0.945242464542388,4582.873489379883,2854.10270690918,0.8361581920903951,0.935971200466156,1810.31657409668,709.4483871459961,0.823546548534937,0.597916774801843,0.686300694942474,L_Area_25,S038,T01vsT02,AL_07
71,71,0.263813570316601,0.7922235722964761,0.9685570001602172,2658.392807006836,1394.4330368041992,0.7848101265822781,0.88511174917221,1263.9597702026367,693.1392288208008,0.8221294747729441,0.5826843347277221,1.051957607269287,L_Area_25,TOT7729F,T01vsT02,AL_07
96,96,0.234989043260372,0.8230184581976111,0.982361197471618,3090.585502624512,1329.196403503418,0.8131868131868131,0.967275917530059,1206.8777160644531,554.5113830566406,0.9110385503696752,0.95806531619989,0.47278094291687,L_Area_s32,07CAMINO6124,T01vsT02,AL_07
97,97,0.280527890774729,0.776386404293381,0.986992478370666,3539.087356567383,2038.644790649414,0.8381374722838131,0.987016439437866,1541.215461730957,595.2842788696289,0.9360526064471952,0.914986262691398,0.263101547956466,L_Area_s32,26CAMINO3920,T01vsT02,AL_07
98,98,0.114916903667526,0.8860759493670881,0.996379315853118,3995.743789672852,1027.4769744873047,0.85579196217494,0.987564742565155,1475.9788284301758,497.429328918457,0.928605804404376,0.9579267032837652,0.328180879354476,L_Area_s32,41TPEF4693,T01vsT02,AL_07
99,99,0.248596896070003,0.7634615384615381,0.9716361165046692,3237.367927551269,2006.026473999024,0.7712082262210791,0.963529109954834,1223.1868743896484,725.7575454711914,0.904820253797192,0.942557988931455,0.333603531122207,L_Area_s32,S016,T01vsT02,AL_07
100,100,0.763585972933698,0.5848303393213571,0.869270026683807,2389.2916946411133,3392.304931640625,0.674074074074074,0.8619221448898311,742.0667037963867,717.6029663085938,0.393818312103077,0.477897725550076,3.021904945373535,L_Area_s32,S017,T01vsT02,AL_07
101,101,0.109159381655009,0.891221374045801,0.995434999465942,3808.1884689331055,929.6220245361328,0.8739002932551321,0.9873407483100892,1215.0322952270508,350.6469039916992,0.956749670009793,0.9767925046990752,0.428469598293304,L_Area_s32,S018,T01vsT02,AL_07
102,102,0.111190211988987,0.890756302521008,0.994286894798278,4321.926956176758,1060.0952911376953,0.8791773778920301,0.989711940288543,1394.4330368041992,383.2652206420898,0.93872439258176,0.9045025047006232,0.22847394645214,L_Area_s32,S020,T01vsT02,AL_07
103,103,0.171221834229634,0.8414055080721741,0.983851552009582,3612.4785690307617,1361.8147201538086,0.8546637744034701,0.9875014424324032,1606.4520950317385,546.356803894043,0.8854037898378311,0.9648815417841832,0.490662485361099,L_Area_s32,S021,T01vsT02,AL_07
104,104,0.535330753066925,0.6277915632754341,0.918214380741119,2063.108528137207,2446.373748779297,0.505494505494505,0.807119846343994,750.2212829589844,1467.824249267578,0.401083090961608,0.306383299906595,1.907287836074829,L_Area_s32,S022,T01vsT02,AL_07
105,105,0.05485637845948,0.9448669201520912,0.999288976192474,4052.825843811035,472.96559143066406,0.9186602870813392,0.996951818466186,1565.67919921875,277.2556915283203,0.9979669485347832,0.9969575537225632,0.042233482003211,L_Area_s32,S023,T01vsT02,AL_07
106,106,1.211700358486966,0.484149855907781,0.8613044619560241,3424.923248291016,7298.348350524902,0.6666666666666661,0.927006721496582,1019.322395324707,1019.322395324707,0.493055398843341,0.495912345982321,3.507649898529052,L_Area_s32,S024,T01vsT02,AL_07
107,107,0.224707564093654,0.775913129318854,0.969079434871673,3204.749610900879,1851.089469909668,0.797494780793319,0.9820285439491272,1557.5246200561523,790.9941787719727,0.692878244337464,0.8572308247077991,0.75604248046875,L_Area_s32,S025,T01vsT02,AL_07
108,108,0.114411090380202,0.8876127973748971,0.9954667687416072,4411.627326965332,1117.177345275879,0.886021505376344,0.98882383108139,1679.8433074951172,432.1926956176758,0.8925296129262641,0.951416561458032,0.326810032129287,L_Area_s32,S027,T01vsT02,AL_07
109,109,0.116190080062628,0.8850931677018631,0.9934885501861572,4648.110122680664,1206.8777160644531,0.8848484848484841,0.9918938279151912,1785.8528366088867,464.8110122680664,0.87054586087834,0.9263088909426792,0.495910555124282,L_Area_s32,S028,T01vsT02,AL_07
110,110,0.187749592045028,0.841286307053941,0.975505590438842,6613.363700866699,2495.301223754883,0.822981366459627,0.959302306175231,2160.963478088379,929.6220245361328,0.8920334430022491,0.867668891229292,0.6997630596160881,L_Area_s32,S029,T01vsT02,AL_07
111,111,0.26960708562007,0.765167737330478,0.940749168395996,4370.854431152344,2682.856544494629,0.699472759226713,0.7879307270050041,1622.7612533569336,1394.4330368041992,0.604387672499489,0.32966345061132,1.274118661880493,L_Area_s32,S031,T01vsT02,AL_07
112,112,0.120142284767402,0.8786808009422851,0.9964656233787532,3041.658027648926,839.9216537475586,0.878453038674033,0.995038390159606,1296.5780868530271,358.8014831542969,0.9586890652723652,0.967335529076102,0.237599581480026,L_Area_s32,S032,T01vsT02,AL_07
113,113,0.170675705239191,0.8391608391608391,0.966715216636657,3914.197998046875,1500.4425659179688,0.8374164810690421,0.942193388938903,1533.0608825683594,595.2842788696289,0.768211230958868,0.78632452483349,0.856600284576416,L_Area_s32,S033,T01vsT02,AL_07
114,114,1.739044320158859,0.318745441283734,0.386726438999176,3563.551094055176,15232.753875732422,0.578260869565217,0.7724230289459221,1084.5590286254885,1581.9883575439453,0.0,0.139729526961871,6.652159214019775,L_Area_s32,S034,T01vsT02,AL_07
115,115,0.250378612340376,0.788306451612903,0.9865639209747312,3188.440452575684,1712.4616241455078,0.660194174757281,0.92389440536499,1109.0227661132812,1141.641082763672,0.9023344962159612,0.673805349070787,1.43119740486145,L_Area_s32,S035,T01vsT02,AL_07
116,116,0.217693115533564,0.791380999020568,0.961183965206146,3294.449981689453,1736.9253616333008,0.8201754385964911,0.9689304828643792,1524.9063034057615,668.6754913330078,0.72281815218959,0.916761250748324,0.590737223625183,L_Area_s32,S036,T01vsT02,AL_07
117,117,0.480497067447108,0.683107274969173,0.892061591148376,4517.636856079102,4191.453689575195,0.7893738140417451,0.965629696846008,1696.1524658203125,905.1582870483398,0.636857649047309,0.897050015756061,1.152662277221679,L_Area_s32,S037,T01vsT02,AL_07
118,118,0.108997493734335,0.889497716894977,0.997147262096405,3971.2800521850586,986.7040786743164,0.878411910669975,0.99243414402008,1443.3605117797852,399.5743789672852,0.96864530818953,0.9778574739197832,0.18401052057743,L_Area_s32,S038,T01vsT02,AL_07
119,119,0.110679019356511,0.8897959183673471,0.995911419391632,3555.396514892578,880.6945495605469,0.8753180661577601,0.991807341575622,1402.5876159667969,399.5743789672852,0.895754572281641,0.901226638915779,0.449004262685775,L_Area_s32,TOT7729F,T01vsT02,AL_07
336,336,1.806336146275397,0.311137301119622,0.294552475214004,2152.808898925781,9532.70304107666,0.360060514372163,0.358624666929245,970.3949203491212,3449.3869857788086,0.0,0.0,4.546108722686768,L_Area_13l,07CAMINO6124,T01vsT02,AL_07
337,337,0.169170620591894,0.8336025848142161,0.9796758294105532,6311.644271850586,2519.764961242676,0.813096862210095,0.9762002229690552,2430.0645904541016,1117.177345275879,0.870304292076118,0.8297573446544311,0.8943763971328731,L_Area_13l,26CAMINO3920,T01vsT02,AL_07
338,338,0.133599328430504,0.8683446272991281,0.99569946527481,7314.657508850098,2218.0455322265625,0.8386433710174711,0.984893441200256,3327.068298339844,1280.268928527832,0.951415875007982,0.8958198189453991,0.258211761713027,L_Area_13l,41TPEF4693,T01vsT02,AL_07
339,339,0.27632847755972,0.8057029177718831,0.968185305595398,9907.813682556152,4778.583389282227,0.762548262548262,0.912754893302917,3221.058769226074,2006.026473999024,0.750980412232764,0.817614573712765,1.590965628623962,L_Area_13l,S016,T01vsT02,AL_07
340,340,0.29485877974777,0.7606142728093941,0.9276122450828552,3433.0778274536133,2160.963478088379,0.745995423340961,0.937156915664672,1329.196403503418,905.1582870483398,0.797095210308253,0.658830788332556,0.827508330345153,L_Area_13l,S017,T01vsT02,AL_07
341,341,0.427800089028959,0.6974789915966381,0.940769731998443,4737.810493469238,4109.907897949219,0.6626686656671661,0.8747338056564331,1802.161994934082,1834.7803115844729,0.910464140454102,0.5981142608406791,1.832013726234436,L_Area_13l,S018,T01vsT02,AL_07
342,342,0.144999736765127,0.8653707703383731,0.981416225433349,9801.804153442385,3049.8126068115234,0.8077336197636951,0.9730650186538692,3066.1217651367188,1459.6696701049805,0.8500240005361591,0.8738103877629251,0.7797002792358391,L_Area_13l,S020,T01vsT02,AL_07
343,343,0.243762928837162,0.7850646242221151,0.966920852661132,6686.754913330078,3661.406044006348,0.715953307392996,0.906076669692993,2250.663848876953,1785.8528366088867,0.7646376020337871,0.676062882247203,2.198221683502197,L_Area_13l,S021,T01vsT02,AL_07
344,344,0.203283944036517,0.8215451577801951,0.989325642585754,6156.707267761231,2674.7019653320312,0.7610389610389611,0.96574318408966,2389.2916946411133,1500.4425659179688,0.926952151471572,0.923829576848546,0.498686075210571,L_Area_13l,S022,T01vsT02,AL_07
345,345,0.066707835768119,0.932486100079428,0.9990234375,4786.737968444824,693.1392288208008,0.915492957746478,0.995949745178222,2120.1905822753906,391.4197998046875,0.9973072884320272,0.982432891778218,0.178728073835372,L_Area_13l,S023,T01vsT02,AL_07
346,346,0.144036607556205,0.8668683812405441,0.991029679775238,4672.573860168457,1435.2059326171875,0.8056872037914691,0.9587966203689572,2079.4176864624023,1003.0132369995116,0.965934542823222,0.8697100781982581,0.192091673612594,L_Area_13l,S024,T01vsT02,AL_07
347,347,0.27519590729152,0.7849978194505011,0.969430983066558,7339.121246337891,4020.207527160645,0.7935723114956731,0.948549628257751,2617.619911193848,1361.8147201538086,0.83265412811895,0.855862991334799,1.6457626819610591,L_Area_13l,S025,T01vsT02,AL_07
348,348,0.171493894281053,0.849230769230769,0.9850059151649472,11253.319244384766,3995.743789672852,0.810011376564277,0.9385691881179812,2903.0301818847656,1361.8147201538086,0.8684563293013311,0.83625537133932,2.492965936660766,L_Area_13l,S027,T01vsT02,AL_07
349,349,0.304747817840298,0.7733605164797821,0.924967885017395,9279.911087036133,5439.104301452637,0.7700084245998311,0.914653182029724,3726.642677307129,2226.20011138916,0.461780600718555,0.398925148592761,2.351898670196533,L_Area_13l,S028,T01vsT02,AL_07
350,350,0.280412112791342,0.7561643835616431,0.967115044593811,5626.659622192383,3628.787727355957,0.737244897959183,0.925785303115844,2356.6733779907227,1679.8433074951172,0.911624833621515,0.8615415947339741,0.53177660703659,L_Area_13l,S029,T01vsT02,AL_07
351,351,0.191771085588328,0.8264550264550261,0.982733726501464,6368.7263259887695,2674.7019653320312,0.803964757709251,0.945693969726562,2976.4213943481445,1451.5150909423828,0.818843265997503,0.644854607072716,0.8789480924606321,L_Area_13l,S031,T01vsT02,AL_07
352,352,0.297809174149218,0.788563829787234,0.9559602737426752,4835.66544342041,2593.1561737060547,0.768518518518518,0.913504421710968,2030.4902114868164,1223.1868743896484,0.8903161967256311,0.770438399760287,0.7166147828102111,L_Area_13l,S032,T01vsT02,AL_07
353,353,0.14306079327739,0.8594936708860761,0.988530933856964,5536.959251403809,1810.31657409668,0.8005780346820801,0.954974114894866,2258.818428039551,1125.3319244384766,0.925798919435284,0.8265685693586231,0.475886642932891,L_Area_13l,S033,T01vsT02,AL_07
354,354,0.245815410086522,0.8088115311395151,0.9586461186408992,12125.859214782717,5732.669151306152,0.751381215469613,0.926318287849426,3327.068298339844,2201.736373901367,0.580003811601776,0.532188185948918,1.340749859809875,L_Area_13l,S034,T01vsT02,AL_07
355,355,0.443979161925015,0.714371980676328,0.9237433671951292,9646.867149353027,7714.231887817383,0.699029126213592,0.8963039517402641,2935.648498535156,2527.919540405273,0.506044173281481,0.5861673159372991,2.931330204010009,L_Area_13l,S035,T01vsT02,AL_07
356,356,0.341618604204099,0.712643678160919,0.9558810591697692,6319.798851013184,5096.611976623535,0.700431034482758,0.918817222118377,2650.2382278442383,2266.9730072021484,0.9505170068513652,0.8488730309504551,0.5617402791976921,L_Area_13l,S036,T01vsT02,AL_07
357,357,0.265051211818011,0.7906718489727921,0.9624493122100832,5806.060363769531,3074.2763442993164,0.7955625990491281,0.9418097734451292,2046.799369812012,1051.9407119750977,0.8587506680801591,0.683802014870956,0.7895122766494751,L_Area_13l,S037,T01vsT02,AL_07
358,358,0.108144744906734,0.8940427467030461,0.9974146485328672,8015.951316833496,1900.016944885254,0.8455114822546971,0.986562848091125,3302.604560852051,1206.8777160644531,0.9702726321579952,0.8900127424792641,0.403978437185287,L_Area_13l,S038,T01vsT02,AL_07
359,359,0.410888642657036,0.728125,0.9135721921920772,5700.050834655762,4256.690322875977,0.637770897832817,0.796855092048645,1679.8433074951172,1908.171524047852,0.425382040605241,0.5117494264658711,2.255984783172607,L_Area_13l,TOT7729F,T01vsT02,AL_07
360,360,0.12768968844249,0.871473354231974,0.9946649670600892,4533.946014404297,1337.3509826660156,0.8484848484848481,0.9825526475906372,1598.2975158691406,570.8205413818359,0.9231295586051532,0.9290636750298852,0.36989688873291,L_Orbital_Frontal_Complex,07CAMINO6124,T01vsT02,AL_07
361,361,0.177420872292744,0.8289693593314761,0.978468477725982,6067.006896972656,2503.4558029174805,0.793388429752066,0.9639812707901,1957.0989990234373,1019.322395324707,0.755110916297769,0.730363574480213,2.193468570709228,L_Orbital_Frontal_Complex,26CAMINO3920,T01vsT02,AL_07
362,362,0.134040453526839,0.8720999405116001,0.994610667228698,5977.306526184082,1753.234519958496,0.8126649076517151,0.9757633209228512,2511.610382080078,1157.9502410888672,0.9255970681316532,0.808759750899353,0.8343484997749321,L_Orbital_Frontal_Complex,41TPEF4693,T01vsT02,AL_07
363,363,0.145971930296178,0.848176420695504,0.990569710731506,4077.289581298828,1459.6696701049805,0.8470066518847,0.9867980480194092,1557.5246200561523,562.6659622192383,0.9227061874917892,0.9027911470623,0.7256029844284051,L_Orbital_Frontal_Complex,S016,T01vsT02,AL_07
364,364,0.137363368139823,0.8615611192930781,0.9883257746696472,4770.428810119629,1533.0608825683594,0.864628820960698,0.991681218147277,1614.606674194336,505.5839080810547,0.9174557821597812,0.9119676821257292,0.402269661426544,L_Orbital_Frontal_Complex,S017,T01vsT02,AL_07
365,365,0.150710818206087,0.8485829959514171,0.986707746982574,4272.999481201172,1524.9063034057615,0.7913279132791321,0.921938955783844,1190.5685577392578,627.9025955200195,0.9466733366680932,0.894167751483932,0.460239082574844,L_Orbital_Frontal_Complex,S018,T01vsT02,AL_07
366,366,5.219117595952895,0.213355048859934,0.218852251768112,1068.249870300293,7877.323471069336,0.470588235294117,0.423837929964065,848.0762329101562,1908.171524047852,0.0,0.0,9.475874900817873,L_Orbital_Frontal_Complex,S020,T01vsT02,AL_07
367,367,3.197579338670715,0.340755082284607,0.263663053512573,1435.2059326171875,5553.268409729004,0.536997885835095,0.448056697845459,1035.6315536499023,1785.8528366088867,0.0,0.0,6.859957218170166,L_Orbital_Frontal_Complex,S021,T01vsT02,AL_07
368,368,0.5897116883639031,0.6015523932729621,0.851234793663024,3791.87931060791,5023.220764160156,0.528571428571428,0.7949804663658141,1206.8777160644531,2152.808898925781,0.330817076953892,0.290549522497996,2.414574384689331,L_Orbital_Frontal_Complex,S022,T01vsT02,AL_07
369,369,0.048573384715568,0.9514255543822592,0.999399662017822,7347.275825500488,750.2212829589844,0.93048128342246,0.9971652626991272,2837.7935485839844,424.0381164550781,0.9972045788668472,0.983162010936812,0.083406582474708,L_Orbital_Frontal_Complex,S023,T01vsT02,AL_07
370,370,0.13514358411696,0.8669039145907471,0.9921832680702212,4966.138710021973,1524.9063034057615,0.8565400843881851,0.989042460918426,1655.3795700073242,554.5113830566406,0.936514757671362,0.8614872979954691,0.361565232276916,L_Orbital_Frontal_Complex,S024,T01vsT02,AL_07
371,371,0.6188414202715471,0.664466446644664,0.791548013687133,4925.365814208984,4974.29328918457,0.7383419689119171,0.8138076663017271,2324.055061340332,1647.2249908447266,0.464115629194653,0.397111347289307,2.616852581501007,L_Orbital_Frontal_Complex,S025,T01vsT02,AL_07
372,372,0.109040210693688,0.8914050437467831,0.9957661032676692,7061.86555480957,1720.6162033081057,0.8841354723707661,0.991645097732544,2022.3356323242188,530.0476455688477,0.906803327054679,0.938571080439609,0.349958181381225,L_Orbital_Frontal_Complex,S027,T01vsT02,AL_07
373,373,4.034338054600471,0.285932721712538,0.20055116713047,1524.9063034057615,7616.376937866211,0.490818030050083,0.476982414722442,1198.7231369018557,2487.146644592285,0.0,0.0,7.812991142272949,L_Orbital_Frontal_Complex,S028,T01vsT02,AL_07
374,374,0.173519272551772,0.847707847707847,0.9835627079010012,8896.645866394043,3196.595031738281,0.8053181386514721,0.9437318444252012,3457.5415649414062,1671.6887283325195,0.8752096441993441,0.833397845100419,0.9048420190811152,L_Orbital_Frontal_Complex,S029,T01vsT02,AL_07
375,375,0.430822675463133,0.669360269360269,0.926602721214294,4052.825843811035,4003.898368835449,0.58356940509915,0.7768170237541191,1679.8433074951172,2397.446273803711,0.6731115670012541,0.363452064688811,1.436761260032653,L_Orbital_Frontal_Complex,S031,T01vsT02,AL_07
376,376,0.118250201892801,0.881739130434782,0.995371401309967,4134.371635437012,1109.0227661132812,0.860103626943005,0.9869194030761712,1353.660140991211,440.34727478027344,0.9359808398917172,0.8931786558649041,0.51090532541275,L_Orbital_Frontal_Complex,S032,T01vsT02,AL_07
377,377,0.172111054992508,0.8357894736842101,0.978209733963012,6474.735855102539,2544.2286987304688,0.7474747474747471,0.925466835498809,2112.036003112793,1427.0513534545898,0.8500470074916371,0.79993909942188,0.6012497544288631,L_Orbital_Frontal_Complex,S033,T01vsT02,AL_07
378,378,0.380074244346911,0.726605504587156,0.914405584335327,8073.03337097168,6075.161476135254,0.757741347905282,0.946702778339386,1696.1524658203125,1084.5590286254885,0.636955579428033,0.797145264127136,3.002175331115722,L_Orbital_Frontal_Complex,S034,T01vsT02,AL_07
379,379,0.107840773229389,0.8893905191873581,0.9931028485298152,8032.260475158691,1997.8718948364256,0.8653500897666061,0.9840598106384272,1965.2535781860352,611.5934371948242,0.92464611211091,0.9025672502187152,0.464148849248886,L_Orbital_Frontal_Complex,S035,T01vsT02,AL_07
380,380,0.210939557670038,0.8104046242774561,0.9768798947334292,5716.359992980957,2674.7019653320312,0.750352609308885,0.938236951828002,2169.118057250977,1443.3605117797852,0.8319677537947441,0.7996558436741651,0.975771725177764,L_Orbital_Frontal_Complex,S036,T01vsT02,AL_07
381,381,0.240895103261038,0.7881498043599771,0.961081027984619,5748.978309631348,3090.585502624512,0.8347529812606471,0.97356778383255,1997.8718948364256,790.9941787719727,0.813585262937449,0.8611196900643011,0.9521457552909852,L_Orbital_Frontal_Complex,S037,T01vsT02,AL_07
382,382,0.195631134609376,0.817080943275971,0.9845162630081172,5227.085243225098,2340.364219665528,0.8455008488964341,0.9848438501358032,2030.4902114868164,742.0667037963867,0.9771126131621872,0.937772930570362,0.5895619392395021,L_Orbital_Frontal_Complex,S038,T01vsT02,AL_07
383,383,0.143257538163415,0.8597097442985481,0.991081655025482,5072.148239135742,1655.3795700073242,0.8768656716417911,0.989359855651855,1916.3261032104488,538.2022247314453,0.864105108868742,0.902716289439431,0.5799955129623411,L_Orbital_Frontal_Complex,TOT7729F,T01vsT02,AL_07
384,384,0.501546229304448,0.65139016193095,0.8282642960548401,8692.781387329102,9304.374824523926,0.7416934619506961,0.8632400035858151,2821.484390258789,1965.2535781860352,0.61122604584296,0.550710974976733,3.2722772359848022,L_posterior_OFC_Complex,07CAMINO6124,T01vsT02,AL_07
385,385,1.365312601966427,0.514686248331108,0.7417255640029901,6287.180534362793,11856.758102416992,0.7106842737094831,0.843033492565155,2413.7554321289062,1965.2535781860352,0.5233151255953601,0.442982247444921,4.28626275062561,L_posterior_OFC_Complex,26CAMINO3920,T01vsT02,AL_07
386,386,1.45938039268262,0.562397820163487,0.779862701892852,4207.762847900391,6548.127067565918,0.6180631120783461,0.7602539658546441,2315.9004821777344,2862.2572860717773,0.420643052048592,0.344717241899376,2.784323364496231,L_posterior_OFC_Complex,41TPEF4693,T01vsT02,AL_07
387,387,0.423404944692271,0.645367412140575,0.8436840176582331,2470.83748626709,2715.4748611450195,0.7321428571428571,0.856558501720428,1671.6887283325195,1223.1868743896484,0.7546573631186421,0.5624044292333821,1.3695175647735591,L_posterior_OFC_Complex,S016,T01vsT02,AL_07
388,388,0.142841218104046,0.864197530864197,0.9902049899101252,2854.10270690918,897.0037078857422,0.8507462686567161,0.985759198665618,1394.4330368041992,489.2747497558594,0.909786474896059,0.935700804897626,0.7659453153610231,L_posterior_OFC_Complex,S017,T01vsT02,AL_07
389,389,0.291814099542772,0.8012259194395791,0.98533010482788,7461.439933776855,3702.178939819336,0.8130671506352081,0.971000790596008,1826.625732421875,839.9216537475586,0.9606050753927172,0.903635095243957,2.505204916000366,L_posterior_OFC_Complex,S018,T01vsT02,AL_07
390,390,2.689872701858234,0.309218203033838,0.7951325774192811,2160.963478088379,9655.021728515623,0.414746543778801,0.8062800168991081,1100.8681869506836,3106.894660949707,0.6701545903377091,0.598772834179853,2.843646287918091,L_posterior_OFC_Complex,S020,T01vsT02,AL_07
391,391,1.100372326991732,0.528671328671328,0.435716211795806,1541.215461730957,2748.09317779541,0.619718309859154,0.468368381261825,1076.4044494628906,1321.0418243408203,0.0,0.0,4.095775604248047,L_posterior_OFC_Complex,S021,T01vsT02,AL_07
392,392,0.8501807604372511,0.484342379958246,0.7470102906227111,945.931182861328,2014.181053161621,0.446927374301675,0.619236528873443,652.3663330078125,1614.606674194336,0.245511876372791,0.099480820610852,2.000890731811523,L_posterior_OFC_Complex,S022,T01vsT02,AL_07
393,393,0.123100165772575,0.8861003861003861,0.991753637790679,3742.951835632324,962.2403411865234,0.8803680981595091,0.9795432090759272,2340.364219665528,636.0571746826172,0.885257987830191,0.765148588426472,0.6773576736450191,L_posterior_OFC_Complex,S023,T01vsT02,AL_07
394,394,0.5164747657919121,0.626538987688098,0.8741406202316281,1867.3986282348635,2226.20011138916,0.471502590673575,0.807361483573913,742.0667037963867,1663.534149169922,0.6987340922582811,0.8546385731842001,1.796894431114196,L_posterior_OFC_Complex,S024,T01vsT02,AL_07
395,395,0.120991613428592,0.884333821376281,0.9904510974884032,4925.365814208984,1288.4235076904297,0.8842105263157891,0.972515881061554,3082.430923461914,807.303337097168,0.881483656699625,0.7577312793604101,0.529130280017852,L_posterior_OFC_Complex,S025,T01vsT02,AL_07
396,396,0.283578413546769,0.7775800711743771,0.953301429748535,3563.551094055176,2038.644790649414,0.817610062893081,0.9588413238525392,2120.1905822753906,945.931182861328,0.682508390611383,0.7093850439929891,1.9662688970565791,L_posterior_OFC_Complex,S027,T01vsT02,AL_07
397,397,1.8379559056051311,0.447467876039304,0.555132806301116,2413.7554321289062,5960.997367858887,0.533724340175953,0.6049256324768061,1484.1334075927734,2593.1561737060547,0.174945719524473,0.099231016970002,2.849668025970459,L_posterior_OFC_Complex,S028,T01vsT02,AL_07
398,398,0.262472072801163,0.813559322033898,0.958422839641571,5675.587097167969,2601.3107528686523,0.7654320987654321,0.892053365707397,2780.711494445801,1704.3070449829102,0.6335067686636361,0.7712530778768071,1.7231086492538452,L_posterior_OFC_Complex,S029,T01vsT02,AL_07
399,399,0.229936212608253,0.793926247288503,0.916275739669799,2984.575973510742,1549.3700408935547,0.805604203152364,0.948213636875152,1875.553207397461,905.1582870483398,0.661437242557672,0.6071734136618331,0.7138428092002861,L_posterior_OFC_Complex,S031,T01vsT02,AL_07
400,400,0.263757032113906,0.7925901422428051,0.952555000782012,9769.185836791992,5112.9211349487305,0.812820512820512,0.916102349758148,2585.001594543457,1190.5685577392578,0.7669887229039261,0.648072311481366,2.515135486920674,L_posterior_OFC_Complex,S032,T01vsT02,AL_07
401,401,1.41050561476898,0.396063960639606,0.672853052616119,1312.8872451782229,4003.898368835449,0.308823529411764,0.742567360401153,513.7384872436523,2299.591323852539,0.428720809263997,0.451101967687232,3.414816379547119,L_posterior_OFC_Complex,S033,T01vsT02,AL_07
402,402,0.300634060399213,0.7685103892303191,0.957532525062561,10706.962440490724,6450.272117614746,0.7954545454545451,0.9246518611907952,3139.5129776000977,1614.606674194336,0.918267378067224,0.684549240275175,2.447746217250824,L_posterior_OFC_Complex,S034,T01vsT02,AL_07
403,403,0.329806181511445,0.726407613005551,0.8230312466621391,3734.797256469727,2813.3298110961914,0.781976744186046,0.751514673233032,2193.581794738769,1223.1868743896484,0.175004818643189,0.046948270319768,1.925104737281799,L_posterior_OFC_Complex,S035,T01vsT02,AL_07
404,404,0.569157061239701,0.558171745152354,0.8293926715850831,3286.2954025268555,5202.621505737305,0.5282331511839701,0.6003760695457451,1182.4139785766602,2112.036003112793,0.112536791066649,0.028461252992961,2.742049917578697,L_posterior_OFC_Complex,S036,T01vsT02,AL_07
405,405,0.355168455239347,0.7471992206527031,0.8829854130744931,12509.124435424805,8464.453170776367,0.7105485232067511,0.7648015022277831,3433.0778274536133,2797.020652770996,0.7779144342772011,0.404730440314649,3.919575750827789,L_posterior_OFC_Complex,S037,T01vsT02,AL_07
406,406,0.479433831798636,0.7094017094017091,0.856982231140136,2707.320281982422,2218.0455322265625,0.772504091653027,0.801634609699249,1924.4806823730469,1133.4865036010742,0.7053676233001971,0.278866001049188,1.184666156768798,L_posterior_OFC_Complex,S038,T01vsT02,AL_07
407,407,0.773726466811517,0.574780058651026,0.7059195637702941,2397.446273803711,3547.2419357299805,0.579216354344122,0.553282678127288,1386.2784576416016,2014.181053161621,0.207427391840798,0.03215444639456,4.277576923370361,L_posterior_OFC_Complex,TOT7729F,T01vsT02,AL_07
1080,1080,0.345965638145402,0.7120743034055721,0.910047888755798,937.7766036987304,758.375862121582,0.751131221719457,0.8508306741714471,676.8300704956055,448.5018539428711,0.7498788215739071,0.55440324386741,1.177681684494018,Right-MammillaryBody,07CAMINO6124,T01vsT02,AL_07
1081,1081,0.152778436924084,0.853333333333333,0.972108721733093,1043.7861328125,358.8014831542969,0.862385321100917,0.956322073936462,766.5304412841797,244.6373748779297,0.726923205974053,0.8662902218443861,0.5011330842971801,Right-MammillaryBody,26CAMINO3920,T01vsT02,AL_07
1082,1082,0.250614644819812,0.8007054673721341,0.9006164669990541,1851.089469909668,921.4674453735352,0.8776119402985071,0.989340841770172,1198.7231369018557,334.3377456665039,0.470412727327464,0.5174021949324761,1.377132058143615,Right-MammillaryBody,41TPEF4693,T01vsT02,AL_07
1083,1083,0.446029432926318,0.6387434554973821,0.8915320634841911,497.429328918457,562.6659622192383,0.6025641025641021,0.79660564661026,383.2652206420898,505.5839080810547,0.736041708100577,0.611714260396731,1.522371530532837,Right-MammillaryBody,S016,T01vsT02,AL_07
1084,1084,0.284974380177297,0.7272727272727271,0.9078169465065,848.0762329101562,636.0571746826172,0.7904761904761901,0.9600134491920472,676.8300704956055,358.8014831542969,0.5215182816798011,0.677879992779256,1.5602468252182,Right-MammillaryBody,S017,T01vsT02,AL_07
1085,1085,0.358299961356276,0.7187500000000001,0.8691126108169551,750.2212829589844,587.1296997070312,0.752808988764044,0.834591209888458,546.356803894043,358.8014831542969,0.5503766882114131,0.109867591883663,1.480115175247192,Right-MammillaryBody,S018,T01vsT02,AL_07
1086,1086,0.221333375935474,0.8045977011494251,0.937365889549255,1141.641082763672,554.5113830566406,0.777777777777777,0.871550381183624,742.0667037963867,424.0381164550781,0.799693803028641,0.7025922404417101,0.9552985429763792,Right-MammillaryBody,S020,T01vsT02,AL_07
1087,1087,0.144357053591641,0.855421686746987,0.9778233170509332,1157.9502410888672,391.4197998046875,0.8778280542986421,0.9935548305511472,790.9941787719727,220.17363739013672,0.6090453869884881,0.763298769979281,0.7092293500900261,Right-MammillaryBody,S021,T01vsT02,AL_07
1088,1088,0.7863373559694471,0.479674796747967,0.663315057754516,481.1201705932617,1043.7861328125,0.394160583941605,0.274248957633972,220.17363739013672,676.8300704956055,0.205219128298641,0.0,1.882699728012085,Right-MammillaryBody,S022,T01vsT02,AL_07
1089,1089,0.036830670030838,0.962343096234309,0.99949437379837,937.7766036987304,73.3912124633789,0.9548387096774192,0.9994153976440432,603.4388580322266,57.0820541381836,0.997104043014957,0.9922241654925232,0.046107903122901,Right-MammillaryBody,S023,T01vsT02,AL_07
1090,1090,1.906044329668348,0.166666666666666,0.514838576316833,138.62784576416016,1386.2784576416016,0.225806451612903,0.453708827495574,57.0820541381836,391.4197998046875,0.0,0.0,4.749752998352051,Right-MammillaryBody,S024,T01vsT02,AL_07
1091,1091,0.397811980954028,0.625766871165644,0.869126319885253,831.7670745849609,994.858657836914,0.7090909090909091,0.918820083141326,636.0571746826172,521.89306640625,0.450345167229346,0.711917348587342,1.181549072265625,Right-MammillaryBody,S025,T01vsT02,AL_07
1092,1092,0.086795232708042,0.912820512820512,0.9977641105651852,1451.5150909423828,277.2556915283203,0.8959276018099541,0.9950683712959292,807.303337097168,187.5553207397461,0.955442948588038,0.968510478874908,0.269429564476013,Right-MammillaryBody,S027,T01vsT02,AL_07
1093,1093,0.357988995589052,0.674897119341563,0.822264969348907,668.6754913330078,644.2117538452148,0.701149425287356,0.8866867423057551,497.429328918457,424.0381164550781,0.357417779059285,0.298826053969526,1.2295417785644531,Right-MammillaryBody,S028,T01vsT02,AL_07
1094,1094,0.125558956322351,0.868167202572347,0.989223659038543,1100.8681869506836,334.3377456665039,0.8771929824561401,0.9872960448265072,815.4579162597656,228.3282165527344,0.920452475293634,0.9000773183905341,0.397958934307098,Right-MammillaryBody,S029,T01vsT02,AL_07
1095,1095,0.149141696786159,0.8533916849015311,0.9878070354461672,1590.142936706543,546.356803894043,0.8551236749116601,0.9795267581939692,986.7040786743164,334.3377456665039,0.741784604618373,0.7304833038183091,0.7762270569801331,Right-MammillaryBody,S031,T01vsT02,AL_07
1096,1096,0.123263382941161,0.874172185430463,0.99596095085144,1076.4044494628906,309.87400817871094,0.8823529411764701,0.9936949014663692,733.9121246337891,195.7098999023437,0.968829720637862,0.929697538911374,0.187821596860885,Right-MammillaryBody,S032,T01vsT02,AL_07
1097,1097,0.196353046351428,0.8011363636363631,0.969653069972991,1149.7956619262695,570.8205413818359,0.8049792531120331,0.9768543839454652,790.9941787719727,383.2652206420898,0.790002859536989,0.7389291083113011,1.072963833808899,Right-MammillaryBody,S033,T01vsT02,AL_07
1098,1098,0.108904682274247,0.8877551020408161,0.99618524312973,1418.8967742919922,358.8014831542969,0.927756653992395,0.998406827449798,994.858657836914,154.93700408935547,0.8278452704003031,0.9463113567026932,0.397222131490707,Right-MammillaryBody,S034,T01vsT02,AL_07
1099,1099,0.119396700225854,0.8765432098765431,0.993162274360656,1157.9502410888672,326.18316650390625,0.8279069767441861,0.990663409233093,725.7575454711914,301.7194290161133,0.845094398167185,0.962554231557289,0.446963220834732,Right-MammillaryBody,S035,T01vsT02,AL_07
1100,1100,0.330971253203696,0.677777777777777,0.83881676197052,994.858657836914,945.931182861328,0.7929515418502201,0.922080278396606,733.9121246337891,383.2652206420898,0.351166598634549,0.415513758786611,1.177980542182922,Right-MammillaryBody,S036,T01vsT02,AL_07
1101,1101,0.203656341968631,0.801724137931034,0.9888206720352172,758.375862121582,375.1106414794922,0.819277108433734,0.989248514175415,554.5113830566406,244.6373748779297,0.9072773590988452,0.91750786112979,0.370869904756546,Right-MammillaryBody,S037,T01vsT02,AL_07
1102,1102,0.083283131003968,0.91449814126394,0.99897688627243,1003.0132369995116,187.5553207397461,0.922279792746113,0.998509228229522,725.7575454711914,122.31868743896484,0.981811994071863,0.981743958352272,0.338808059692382,Right-MammillaryBody,S038,T01vsT02,AL_07
1103,1103,0.269646195285214,0.7448979591836731,0.957211196422576,595.2842788696289,407.7289581298828,0.7733333333333331,0.970956683158874,472.96559143066406,277.2556915283203,0.7646630900071381,0.885927448595433,0.531035304069519,Right-MammillaryBody,TOT7729F,T01vsT02,AL_07
1248,1248,1.085442694960418,0.6179104477611941,0.7403603792190551,5063.9936599731445,6262.716796875,0.609756097560975,0.8393501639366151,1223.1868743896484,1565.67919921875,0.7342870787881091,0.8375030310265681,3.028086423873901,R_Area_25,07CAMINO6124,T01vsT02,AL_07
1249,1249,0.61981222868768,0.583132530120481,0.8368291854858391,1973.4081573486328,2821.484390258789,0.7008928571428571,0.8776529431343071,1280.268928527832,1092.713607788086,0.767504562398276,0.7575402353468681,1.951328039169311,R_Area_25,26CAMINO3920,T01vsT02,AL_07
1250,1250,0.295176153412748,0.745674740484429,0.931180953979492,3514.62361907959,2397.446273803711,0.7805596465390281,0.9388342499732972,2160.963478088379,1215.0322952270508,0.6259323170637501,0.6228465595868831,1.208125948905944,R_Area_25,41TPEF4693,T01vsT02,AL_07
1251,1251,0.410345286983411,0.64021164021164,0.8177806138992311,1973.4081573486328,2218.0455322265625,0.671140939597315,0.8411267995834351,1223.1868743896484,1198.7231369018557,0.246678657815024,0.7210198832032491,2.163859605789184,R_Area_25,S016,T01vsT02,AL_07
1252,1252,0.457290315534353,0.6755162241887901,0.92087835073471,1867.3986282348635,1794.0074157714844,0.6627218934911241,0.8797425031661981,913.3128662109376,929.6220245361328,0.397615794081871,0.471700488576527,1.542757034301757,R_Area_25,S017,T01vsT02,AL_07
1253,1253,0.277420132039444,0.7596899224806201,0.958203256130218,5594.041305541992,3539.087356567383,0.7336956521739131,0.9585435390472412,1100.8681869506836,799.1487579345703,0.908120016434776,0.9102697551408432,1.416470259428024,R_Area_25,S018,T01vsT02,AL_07
1254,1254,3.845846452161157,0.091903719912472,0.064899794757366,513.7384872436523,10152.451057434082,0.191897654584221,0.177449166774749,366.9560623168945,3090.585502624512,0.0,0.0,10.085168838500977,R_Area_25,S020,T01vsT02,AL_07
1255,1255,1.272008403008932,0.5089285714285711,0.6642901301383971,1394.4330368041992,2691.0111236572266,0.424242424242424,0.759593486785888,742.0667037963867,2014.181053161621,0.251872701479751,0.40048344905049,3.210158586502075,R_Area_25,S021,T01vsT02,AL_07
1256,1256,0.364757286025324,0.6920000000000001,0.8904148936271661,1410.7421951293943,1255.805191040039,0.654654654654654,0.8298704028129571,888.8491287231445,937.7766036987304,0.478025170419025,0.320138394126902,0.8685425519943231,R_Area_25,S022,T01vsT02,AL_07
1257,1257,0.142155091892885,0.8677966101694911,0.971987783908844,3131.3583984375,954.0857620239258,0.8771929824561401,0.975645303726196,1834.7803115844729,513.7384872436523,0.918343325841422,0.9185382986545272,0.6381951570510861,R_Area_25,S023,T01vsT02,AL_07
1258,1258,0.5120126379062621,0.6632124352331601,0.943239271640777,1565.67919921875,1590.142936706543,0.645367412140575,0.941007792949676,823.6124954223633,905.1582870483398,0.8535009819113931,0.935811202060133,1.057943701744079,R_Area_25,S024,T01vsT02,AL_07
1259,1259,0.812527373688502,0.629901960784313,0.8330605030059811,2095.7268447875977,2462.682907104492,0.496945010183299,0.7662770152091981,994.858657836914,2014.181053161621,0.521115197044708,0.70006517480732,2.831418514251709,R_Area_25,S025,T01vsT02,AL_07
1260,1260,0.247632445159558,0.7906371911573471,0.974763751029968,2478.9920654296875,1312.8872451782229,0.8353413654618471,0.982778310775756,1696.1524658203125,668.6754913330078,0.9248185602454152,0.918936703146366,0.210357099771499,R_Area_25,S027,T01vsT02,AL_07
1261,1261,0.347506634118563,0.730387736699729,0.920996963977813,3302.604560852051,2438.219169616699,0.663282571912013,0.8335334062576291,1598.2975158691406,1622.7612533569336,0.372034163411165,0.472269918156709,2.989505708217621,R_Area_25,S028,T01vsT02,AL_07
1262,1262,0.308706310160642,0.7743271221532091,0.939554929733276,3049.8126068115234,1777.698257446289,0.676543209876543,0.896433472633361,1117.177345275879,1068.249870300293,0.645889702378434,0.6576001405420641,1.755300521850586,R_Area_25,S029,T01vsT02,AL_07
1263,1263,0.321245681490572,0.747065101387406,0.8600946664810181,2854.10270690918,1932.6352615356443,0.764818355640535,0.858374953269958,1630.9158325195312,1003.0132369995116,0.412987579054724,0.55078076680708,3.072307586669922,R_Area_25,S031,T01vsT02,AL_07
1264,1264,0.27179769916229,0.747727272727272,0.971154332160949,2682.856544494629,1810.31657409668,0.6507592190889371,0.8908256888389581,1223.1868743896484,1312.8872451782229,0.633812492658126,0.511625716636351,3.726056158542633,R_Area_25,S032,T01vsT02,AL_07
1265,1265,0.106182722994536,0.8933823529411761,0.9961604475975032,1981.5627365112305,472.96559143066406,0.901515151515151,0.9903547167778012,970.3949203491212,212.01905822753903,0.96150362627533,0.9362659299473112,0.297901302576065,R_Area_25,S033,T01vsT02,AL_07
1266,1266,0.481981173041757,0.65832531280077,0.875193178653717,2788.8660736083984,2894.875602722168,0.624787775891341,0.8050215244293211,1500.4425659179688,1802.161994934082,0.190889847902445,0.408324531575044,3.772750377655029,R_Area_25,S034,T01vsT02,AL_07
1267,1267,0.232551642305066,0.7865168539325841,0.949058711528778,3139.5129776000977,1704.3070449829102,0.7368421052631571,0.931477665901184,1369.9692993164062,978.5494995117188,0.771250308666348,0.8412475648134101,0.728445947170257,R_Area_25,S035,T01vsT02,AL_07
1268,1268,0.27696611351438,0.767149758454106,0.9526534080505372,3237.367927551269,1965.2535781860352,0.783362218370883,0.9578832387924192,1842.9348907470703,1019.322395324707,0.691993264709388,0.8318105099677421,1.231435656547546,R_Area_25,S036,T01vsT02,AL_07
1269,1269,1.503990068982568,0.48491879350348,0.9412903189659112,1704.3070449829102,3620.63314819336,0.7096774193548381,0.9803360104560852,717.6029663085938,587.1296997070312,0.9697591841116352,0.952440247030246,2.080560855567455,R_Area_25,S037,T01vsT02,AL_07
1270,1270,0.6074630046311581,0.637450199203187,0.905691623687744,1957.0989990234373,2226.20011138916,0.741258741258741,0.92098069190979,1296.5780868530271,905.1582870483398,0.8518691034809691,0.8849437896969551,1.243196249008178,R_Area_25,S038,T01vsT02,AL_07
1271,1271,0.742569390415534,0.609080841638981,0.7163509726524351,2242.5092697143555,2878.5664443969727,0.5120772946859901,0.7494875192642211,864.3853912353516,1647.2249908447266,0.222607218117014,0.396306002023015,2.789373874664306,R_Area_25,TOT7729F,T01vsT02,AL_07
1296,1296,0.185448750940717,0.8235294117647051,0.9551535844802852,856.2308120727539,366.9560623168945,0.8235294117647051,0.922837257385253,627.9025955200195,269.10111236572266,0.8026397638708801,0.5756858138840161,0.599275231361389,Left-MammillaryBody,07CAMINO6124,T01vsT02,AL_07
1297,1297,0.369756500649149,0.6751269035532991,0.897101998329162,1084.5590286254885,1043.7861328125,0.759825327510917,0.9106152653694152,709.4483871459961,448.5018539428711,0.420523033718358,0.587280113256006,1.356639742851257,Left-MammillaryBody,26CAMINO3920,T01vsT02,AL_07
1298,1298,0.202405689520302,0.8063063063063061,0.963486313819885,1459.6696701049805,701.2938079833984,0.8612099644128111,0.9713773727416992,986.7040786743164,318.0285873413086,0.684499895474703,0.787805103149608,0.917848289012908,Left-MammillaryBody,41TPEF4693,T01vsT02,AL_07
1299,1299,0.289316824825071,0.6289308176100621,0.905884146690368,407.7289581298828,481.1201705932617,0.6000000000000001,0.929415047168731,318.0285873413086,424.0381164550781,0.846374190486145,0.887224691942834,0.52222728729248,Left-MammillaryBody,S016,T01vsT02,AL_07
1300,1300,0.203224047598224,0.798534798534798,0.9800171852111812,888.8491287231445,448.5018539428711,0.805555555555555,0.9796127080917352,709.4483871459961,342.4923248291016,0.706369550615205,0.8068625720443641,0.645688116550445,Left-MammillaryBody,S017,T01vsT02,AL_07
1301,1301,0.193651131138695,0.8057553956834531,0.9840595126152032,456.6564331054688,220.17363739013672,0.79646017699115,0.983788073062896,366.9560623168945,187.5553207397461,0.912609147377847,0.956534575489452,0.35888722538948,Left-MammillaryBody,S018,T01vsT02,AL_07
1302,1302,0.195285552776301,0.8130081300813,0.9305760860443112,815.4579162597656,375.1106414794922,0.8,0.924267411231994,554.5113830566406,277.2556915283203,0.6168346986133451,0.664915806902106,0.585817754268646,Left-MammillaryBody,S020,T01vsT02,AL_07
1303,1303,0.27674141851487,0.7394957983193271,0.954028666019439,717.6029663085938,505.5839080810547,0.761363636363636,0.954264402389526,546.356803894043,342.4923248291016,0.480728558897075,0.572395329826211,0.906779646873474,Left-MammillaryBody,S021,T01vsT02,AL_07
1304,1304,0.314470612597865,0.6725663716814161,0.9821944832801812,309.87400817871094,301.7194290161133,0.7157894736842101,0.95955216884613,277.2556915283203,220.17363739013672,0.48080727503907,0.5708325369337951,0.692687034606933,Left-MammillaryBody,S022,T01vsT02,AL_07
1305,1305,0.059956709956709,0.93953488372093,0.999756813049316,823.6124954223633,106.00952911376952,0.9595375722543352,0.9997673630714412,676.8300704956055,57.0820541381836,0.997837633427985,0.9989933157534092,0.034421619027853,Left-MammillaryBody,S023,T01vsT02,AL_07
1306,1306,1.350019383645261,0.2803738317757,0.419694781303405,122.31868743896484,627.9025955200195,0.202898550724637,0.307807803153991,57.0820541381836,448.5018539428711,0.0,0.0,2.32663083076477,Left-MammillaryBody,S024,T01vsT02,AL_07
1307,1307,0.187640430653313,0.8152173913043471,0.9811514616012572,611.5934371948242,277.2556915283203,0.826086956521739,0.974250614643096,464.8110122680664,195.7098999023437,0.813279678102314,0.7481036512813921,0.53234726190567,Left-MammillaryBody,S025,T01vsT02,AL_07
1308,1308,0.158143939393939,0.8267716535433071,0.959317743778228,856.2308120727539,358.8014831542969,0.782051282051282,0.917982459068298,497.429328918457,277.2556915283203,0.7665260524513181,0.885476327850623,0.589365482330322,Left-MammillaryBody,S027,T01vsT02,AL_07
1309,1309,0.413200636815208,0.606741573033707,0.922640144824981,660.5209121704102,856.2308120727539,0.6451612903225801,0.926825761795044,489.2747497558594,538.2022247314453,0.6796327205021411,0.7952823072413051,1.528093099594116,Left-MammillaryBody,S028,T01vsT02,AL_07
1310,1310,0.143769700225986,0.8663101604278071,0.994462132453918,1321.0418243408203,407.7289581298828,0.875471698113207,0.99279636144638,945.931182861328,269.10111236572266,0.905908950397711,0.861333586405806,0.5360257029533381,Left-MammillaryBody,S029,T01vsT02,AL_07
1311,1311,0.353411515413562,0.685714285714285,0.919659614562988,684.9846496582031,627.9025955200195,0.7085714285714281,0.932078301906585,505.5839080810547,415.88353729248047,0.478549945207776,0.391605394873284,0.928899109363555,Left-MammillaryBody,S031,T01vsT02,AL_07
1312,1312,0.164673424868158,0.8235294117647051,0.9925464391708372,684.9846496582031,293.5648498535156,0.8311688311688311,0.997648835182189,521.89306640625,212.01905822753903,0.869910830904403,0.818268578147981,0.316654384136199,Left-MammillaryBody,S032,T01vsT02,AL_07
1313,1313,0.173515739172341,0.8235294117647051,0.9857867360115052,1198.7231369018557,513.7384872436523,0.85,0.985102653503418,831.7670745849609,293.5648498535156,0.804071822650098,0.6568361045004261,0.785638034343719,Left-MammillaryBody,S033,T01vsT02,AL_07
1314,1314,0.151277339313695,0.8352941176470581,0.987697780132293,1157.9502410888672,456.6564331054688,0.8362068965517241,0.980640113353729,790.9941787719727,309.87400817871094,0.8507550144253251,0.7526597881135021,0.61842656135559,Left-MammillaryBody,S034,T01vsT02,AL_07
1315,1315,0.15456958369007,0.8297213622291021,0.9840258359909052,1092.713607788086,448.5018539428711,0.8755760368663591,0.990838050842285,774.6850204467773,220.17363739013672,0.7139211875167111,0.7509793266614481,0.415848791599273,Left-MammillaryBody,S035,T01vsT02,AL_07
1316,1316,0.353239070207548,0.6972972972972971,0.8418332338333131,1051.9407119750977,913.3128662109376,0.7627906976744181,0.8360520005226131,668.6754913330078,415.88353729248047,0.457555158193766,0.203304200262562,1.506030440330505,Left-MammillaryBody,S036,T01vsT02,AL_07
1317,1317,0.165523057181858,0.8195121951219511,0.968047261238098,684.9846496582031,301.7194290161133,0.837837837837837,0.986744344234466,505.5839080810547,195.7098999023437,0.904096463487834,0.9219253172946732,0.35018703341484,Left-MammillaryBody,S037,T01vsT02,AL_07
1318,1318,0.125143696671657,0.877862595419847,0.993861436843872,937.7766036987304,260.946533203125,0.8540540540540541,0.994663059711456,644.2117538452148,220.17363739013672,0.8711440182769811,0.8454637692450591,0.6066464185714721,Left-MammillaryBody,S038,T01vsT02,AL_07
1319,1319,0.14004914004914,0.8571428571428571,0.9962846636772152,733.9121246337891,244.6373748779297,0.875,0.9951949119567872,627.9025955200195,179.40074157714844,0.9004990500568131,0.9176192186618872,0.299937099218368,Left-MammillaryBody,TOT7729F,T01vsT02,AL_07
1320,1320,0.150424277877946,0.8508088675853801,0.969036877155304,11579.502410888672,4060.980422973633,0.7494456762749441,0.894977152347564,1378.123878479004,921.4674453735352,0.7252926781498581,0.5837366870252171,1.597386598587036,R_Area_s32,07CAMINO6124,T01vsT02,AL_07
1321,1321,0.31707165135212,0.7353361945636621,0.904052078723907,6287.180534362793,4525.791435241699,0.756554307116104,0.8943452239036561,823.6124954223633,530.0476455688477,0.7548540606595261,0.854996421675122,1.509421110153198,R_Area_s32,26CAMINO3920,T01vsT02,AL_07
1322,1322,2.844918580825479,0.127544097693351,0.304369777441024,766.5304412841797,10486.788803100586,0.238482384823848,0.463541656732559,358.8014831542969,2291.4367446899414,0.0,0.099412706079615,4.727268695831299,R_Area_s32,41TPEF4693,T01vsT02,AL_07
1323,1323,0.524632656175963,0.569794050343249,0.6552579402923581,2030.4902114868164,3066.1217651367188,0.337078651685393,0.396551728248596,122.31868743896484,481.1201705932617,0.301951958571042,0.0,1.771355271339416,R_Area_s32,S016,T01vsT02,AL_07
1324,1324,0.111257555601795,0.8877076411960131,0.985692203044891,10894.517761230469,2756.247756958008,0.8329519450800911,0.959311425685882,1484.1334075927734,595.2842788696289,0.925562663261507,0.883947809225446,0.448954731225967,R_Area_s32,S017,T01vsT02,AL_07
1325,1325,0.145669862542206,0.86097794822627,0.979723155498504,10984.218132019045,3547.2419357299805,0.7848699763593381,0.932280719280242,1353.660140991211,742.0667037963867,0.8990020849058961,0.7987689198498841,0.741767764091491,R_Area_s32,S018,T01vsT02,AL_07
1326,1326,1.106302285324637,0.37053739195791,0.54852157831192,4020.207527160645,13658.920097351074,0.566596194503171,0.73927104473114,1092.713607788086,1671.6887283325195,0.187562669631906,0.32800012161567,4.240093410015106,R_Area_s32,S020,T01vsT02,AL_07
1327,1327,0.6628154124963971,0.599375650364203,0.787499248981475,2348.518798828125,3139.5129776000977,0.45822102425876,0.644419312477111,693.1392288208008,1639.070411682129,0.360785528677054,0.441998086587781,2.323279857635498,R_Area_s32,S021,T01vsT02,AL_07
1328,1328,0.282330816781648,0.751472320376914,0.932820796966552,2601.3107528686523,1720.6162033081057,0.75,0.919389188289642,1076.4044494628906,717.6029663085938,0.55781405508905,0.645284844008401,1.601128339767456,R_Area_s32,S022,T01vsT02,AL_07
1329,1329,0.192477194193224,0.7989203778677461,0.971478581428527,2413.7554321289062,1215.0322952270508,0.7438016528925621,0.9316384196281432,733.9121246337891,505.5839080810547,0.971545745854213,0.9119694405934412,0.230903342366218,R_Area_s32,S023,T01vsT02,AL_07
1330,1330,0.115565322584982,0.887054161162483,0.991525053977966,10951.599815368652,2788.8660736083984,0.857627118644067,0.973792910575866,2063.108528137207,684.9846496582031,0.9478471470547152,0.908334067765578,0.283562362194061,R_Area_s32,S024,T01vsT02,AL_07
1331,1331,2.523477621898812,0.181818181818181,0.196137309074401,1215.0322952270508,10935.290657043455,0.410480349344978,0.5010075569152831,766.5304412841797,2201.736373901367,0.0,0.075318419201595,6.198929786682129,R_Area_s32,S025,T01vsT02,AL_07
1332,1332,0.204979694486848,0.8177641653905051,0.983814656734466,6531.817909240723,2911.184761047364,0.8704453441295541,0.9821037054061892,1753.234519958496,521.89306640625,0.8842103961723361,0.9438072802738792,0.379349738359451,R_Area_s32,S027,T01vsT02,AL_07
1333,1333,0.476026552874446,0.7193415637860081,0.974023461341857,3563.551094055176,2780.711494445801,0.7889908256880731,0.9536350965499872,1402.5876159667969,750.2212829589844,0.8716493303221141,0.8367378323080491,0.960723280906677,R_Area_s32,S028,T01vsT02,AL_07
1334,1334,0.10353492934629,0.899444444444444,0.990760803222656,13202.263664245604,2951.957656860352,0.8556149732620321,0.962809920310974,1957.0989990234373,660.5209121704102,0.947609988293464,0.9012595913761492,0.410205692052841,R_Area_s32,S029,T01vsT02,AL_07
1335,1335,2.291331312325049,0.308991554893194,0.508025169372558,2536.074119567871,11343.01961517334,0.487603305785123,0.621387302875518,481.1201705932617,1011.1678161621094,0.114859478610262,0.14902238836416,7.045943260192871,R_Area_s32,S031,T01vsT02,AL_07
1336,1336,0.6399553783499641,0.612359550561797,0.9217064380645752,1777.698257446289,2250.663848876953,0.422818791946308,0.754410564899444,513.7384872436523,1402.5876159667969,0.5822411871147111,0.320050187788,1.983137130737304,R_Area_s32,S032,T01vsT02,AL_07
1337,1337,0.36181451425733,0.73407917383821,0.916397452354431,6955.856025695801,5039.529922485352,0.763948497854077,0.92643803358078,1451.5150909423828,897.0037078857422,0.54023233458329,0.7792110749133301,1.4071546792984,R_Area_s32,S033,T01vsT02,AL_07
1338,1338,0.312566063869859,0.804832713754646,0.9165647625923152,14123.73110961914,6849.846496582031,0.766031195840554,0.8914447426795961,1802.161994934082,1100.8681869506836,0.8016759103601481,0.711768700698702,3.154700830578804,R_Area_s32,S034,T01vsT02,AL_07
1339,1339,0.172112560393478,0.83867341202923,0.9695710539817812,12166.632110595703,4680.728439331055,0.8060263653483991,0.94125872850418,1745.0799407958984,839.9216537475586,0.849069532861012,0.7954775377810881,1.874436140060424,R_Area_s32,S035,T01vsT02,AL_07
1340,1340,0.286414139416038,0.7590272660280031,0.897998392581939,8399.216537475586,5333.094772338867,0.629757785467128,0.7658227682113641,742.0667037963867,872.5399703979492,0.7709738547525671,0.660137821737603,1.864255547523498,R_Area_s32,S036,T01vsT02,AL_07
1341,1341,0.194139187741003,0.8211300568371781,0.9436818957328792,10013.823211669922,4362.699851989746,0.6878612716763001,0.869300901889801,970.3949203491212,880.6945495605469,0.7041616687695551,0.8788583248373991,0.8584356307983391,R_Area_s32,S037,T01vsT02,AL_07
1342,1342,0.131688987469041,0.8690958164642371,0.984732091426849,5251.548980712891,1581.9883575439453,0.809859154929577,0.9504504799842832,937.7766036987304,440.34727478027344,0.939630070291368,0.908205972088255,0.23025894165039,R_Area_s32,S038,T01vsT02,AL_07
1343,1343,0.565001742698075,0.6031545741324921,0.778943359851837,3897.88883972168,5129.230293273926,0.682414698162729,0.8526119589805601,1060.0952911376953,986.7040786743164,0.153529612465357,0.572223860138396,3.57104754447937,R_Area_s32,TOT7729F,T01vsT02,AL_07
1536,1536,0.136802135318874,0.869700505639828,0.99189954996109,9116.81950378418,2731.784019470215,0.8758915834522111,0.989052772521972,2503.4558029174805,709.4483871459961,0.6642638516292111,0.789944188316123,1.244386911392212,R_Area_13l,07CAMINO6124,T01vsT02,AL_07
1537,1537,0.059220630967206,0.940774487471526,0.998961210250854,3367.841194152832,424.0381164550781,0.920398009950248,0.9968384504318232,1508.5971450805664,260.946533203125,0.973159158444274,0.9820737647651292,0.157932326197624,R_Area_13l,26CAMINO3920,T01vsT02,AL_07
1538,1538,0.258896853431739,0.7854785478547851,0.953698635101318,5822.369522094727,3180.285873413086,0.8592592592592591,0.98063713312149,2364.8279571533203,774.6850204467773,0.7639775773780411,0.8637724770873451,2.464401483535766,R_Area_13l,41TPEF4693,T01vsT02,AL_07
1539,1539,1.342891355392983,0.414991852254209,0.415237724781036,3115.0492401123047,8782.481758117676,0.498349834983498,0.5255302786827081,1231.341453552246,2478.9920654296875,0.0,0.0,4.740828037261963,R_Area_13l,S016,T01vsT02,AL_07
1540,1540,0.886484593465615,0.555956678700361,0.802081584930419,2511.610382080078,4012.052947998047,0.8056338028169011,0.952270984649658,1166.1048202514648,562.6659622192383,0.5335993362839381,0.613323337352194,3.558117628097534,R_Area_13l,S017,T01vsT02,AL_07
1541,1541,0.44101093233529,0.708558211256746,0.9000478982925411,7494.058250427246,6164.861846923828,0.7191679049034171,0.895184874534606,1973.4081573486328,1541.215461730957,0.6157303481452621,0.6187385956393241,3.403712034225464,R_Area_13l,S018,T01vsT02,AL_07
1542,1542,0.222713799461343,0.8068485821294811,0.949166178703308,6148.552688598633,2943.803077697754,0.8373983739837391,0.981899559497833,1679.8433074951172,652.3663330078125,0.872028743866455,0.8022165956416251,0.6922774910926811,R_Area_13l,S020,T01vsT02,AL_07
1543,1543,0.259700135165246,0.762022194821208,0.96388030052185,5039.529922485352,3147.667556762696,0.8059071729957801,0.960582256317138,1557.5246200561523,750.2212829589844,0.7764953864291421,0.91361627895202,2.444766283035278,R_Area_13l,S021,T01vsT02,AL_07
1544,1544,0.234371528009735,0.794561933534743,0.98310762643814,4289.308639526367,2218.0455322265625,0.794979079497907,0.960140883922576,1549.3700408935547,799.1487579345703,0.9022224374473812,0.7952303168183441,0.744889497756958,R_Area_13l,S022,T01vsT02,AL_07
1545,1545,0.07394886299863,0.925847457627118,0.99845814704895,3563.551094055176,570.8205413818359,0.924939467312348,0.995699882507324,1557.5246200561523,252.7919540405273,0.9907454551916672,0.9686997335351252,0.208385795354843,R_Area_13l,S023,T01vsT02,AL_07
1546,1546,0.138352377159405,0.859515570934256,0.992503106594085,5063.9936599731445,1655.3795700073242,0.870905587668593,0.990274548530578,1842.9348907470703,546.356803894043,0.8832352371496751,0.9196905354614272,0.9576096534729,R_Area_13l,S024,T01vsT02,AL_07
1547,1547,0.131469880922473,0.8756388415672911,0.994855344295501,4191.453689575195,1190.5685577392578,0.8576576576576571,0.985674619674682,1940.7898406982424,644.2117538452148,0.96760271405737,0.792344483055989,1.150595307350158,R_Area_13l,S025,T01vsT02,AL_07
1548,1548,0.187779051243642,0.829301075268817,0.9937971234321592,5031.375343322754,2071.2631072998047,0.8512518409425621,0.982014179229736,2356.6733779907227,823.6124954223633,0.942434257852038,0.918930149749,0.401006877422332,R_Area_13l,S027,T01vsT02,AL_07
1549,1549,0.25020823700611,0.7815570672713531,0.981754958629608,4215.917427062988,2356.6733779907227,0.803921568627451,0.956216633319854,2006.026473999024,978.5494995117188,0.95212981193155,0.8892910453000281,0.38806477189064,R_Area_13l,S028,T01vsT02,AL_07
1550,1550,0.26484668031011,0.796498905908096,0.9426853060722352,4452.40022277832,2275.127586364746,0.8609271523178801,0.9874468445777892,2120.1905822753906,684.9846496582031,0.687669376730746,0.9376431132353432,0.8335463404655451,R_Area_13l,S029,T01vsT02,AL_07
1551,1551,0.176403578391954,0.8211764705882351,0.986812949180603,2845.948127746582,1239.4960327148438,0.8379052369077301,0.9816096425056452,1369.9692993164062,530.0476455688477,0.7710429335244171,0.8608587415888791,0.520412445068359,R_Area_13l,S031,T01vsT02,AL_07
1552,1552,0.200288311610969,0.836948915325402,0.9796821475028992,4876.438339233398,1900.016944885254,0.816777041942604,0.955235362052917,1508.5971450805664,676.8300704956055,0.596974572341584,0.6138709410112361,1.18252956867218,R_Area_13l,S032,T01vsT02,AL_07
1553,1553,0.141314742244573,0.8641265276779291,0.994502067565918,4900.902076721191,1541.215461730957,0.827476038338658,0.984284996986389,2112.036003112793,880.6945495605469,0.931742276039025,0.8460393564010621,0.5264149904251091,R_Area_13l,S033,T01vsT02,AL_07
1554,1554,1.341602311089684,0.474629687992436,0.7376716136932371,6140.398109436035,13593.683464050291,0.709944751381215,0.8619093298912041,2095.7268447875977,1712.4616241455078,0.793267215881562,0.807982971259246,2.500058978796005,R_Area_13l,S034,T01vsT02,AL_07
1555,1555,0.283831907056044,0.7862342819324951,0.935343265533447,9687.640045166016,5267.858139038086,0.7979966611018361,0.940898358821868,1948.94441986084,986.7040786743164,0.801954143916739,0.9004625121529051,2.316529750823974,R_Area_13l,S035,T01vsT02,AL_07
1556,1556,0.15354434641804,0.8589835361488901,0.991751194000244,4892.747497558594,1606.4520950317385,0.8,0.962282598018646,1989.717315673828,994.858657836914,0.939789371935146,0.779168300708302,0.5611139535903931,R_Area_13l,S036,T01vsT02,AL_07
1557,1557,0.292057041632012,0.7419112114371701,0.9633579850196832,4020.207527160645,2797.020652770996,0.747300215982721,0.92460036277771,1410.7421951293943,954.0857620239258,0.8999448628577741,0.615131915700405,1.632992506027221,R_Area_13l,S037,T01vsT02,AL_07
1558,1558,0.153153163014222,0.848341232227488,0.9933357238769532,4379.009010314941,1565.67919921875,0.8069620253164551,0.973660826683044,2079.4176864624023,994.858657836914,0.9170843484040592,0.8408458669274961,0.9635041356086732,R_Area_13l,S038,T01vsT02,AL_07
1559,1559,0.129441991283612,0.8701594533029611,0.990380465984344,3115.0492401123047,929.6220245361328,0.8632075471698111,0.985195159912109,1492.287986755371,472.96559143066406,0.790548628223383,0.8801302814821801,0.380376636981964,R_Area_13l,TOT7729F,T01vsT02,AL_07
1584,1584,0.256893615085459,0.8124428179322961,0.983865857124328,7241.266296386719,3343.377456665039,0.848684210526315,0.976089298725128,2103.881423950196,750.2212829589844,0.927099805381186,0.929204394807604,0.474678814411163,R_Orbital_Frontal_Complex,07CAMINO6124,T01vsT02,AL_07
1585,1585,0.159516562849848,0.846949327817993,0.982429504394531,6678.6003341674805,2413.7554321289062,0.844765342960288,0.980128705501556,1908.171524047852,701.2938079833984,0.793789431374738,0.8397698689446631,1.116152048110962,R_Orbital_Frontal_Complex,26CAMINO3920,T01vsT02,AL_07
1586,1586,0.490880719386005,0.7094251075479071,0.893537402153015,7396.203300476074,6058.852317810059,0.657560975609756,0.8406299948692321,2748.09317779541,2862.2572860717773,0.716304355291805,0.499658491330567,3.780849874019623,R_Orbital_Frontal_Complex,41TPEF4693,T01vsT02,AL_07
1587,1587,0.249074258933081,0.78099173553719,0.964412629604339,4623.646385192871,2593.1561737060547,0.8173076923076921,0.957697451114654,1386.2784576416016,619.7480163574219,0.633804910765571,0.8016172413037581,1.444407343864441,R_Orbital_Frontal_Complex,S016,T01vsT02,AL_07
1588,1588,0.111871901619229,0.8891820580474931,0.993171572685241,5496.18635559082,1369.9692993164062,0.8641425389755011,0.987566530704498,1581.9883575439453,497.429328918457,0.8231900424338351,0.8868896942667901,0.6293371319770811,R_Orbital_Frontal_Complex,S017,T01vsT02,AL_07
1589,1589,0.138209883361696,0.869212962962962,0.9835005998611452,6124.08895111084,1842.9348907470703,0.8695652173913041,0.9787902832031252,1794.0074157714844,538.2022247314453,0.8883741811547321,0.8529205037646811,1.280324578285217,R_Orbital_Frontal_Complex,S018,T01vsT02,AL_07
1590,1590,1.393370231231316,0.418106995884773,0.455634593963623,4142.526214599609,11530.574935913086,0.415902140672782,0.5148932933807371,1109.0227661132812,3115.0492401123047,0.0,0.0,5.205201864242554,R_Orbital_Frontal_Complex,S020,T01vsT02,AL_07
1591,1591,0.155352718859958,0.8517668655346491,0.9853335022926332,7567.449462890625,2633.929069519043,0.7975270479134461,0.968777060508728,2103.881423950196,1068.249870300293,0.8038671497649771,0.907850145081864,0.5924528241157531,R_Orbital_Frontal_Complex,S021,T01vsT02,AL_07
1592,1592,0.207206013807179,0.813425468904244,0.982301354408264,6719.373229980469,3082.430923461914,0.794797687861271,0.971088051795959,2242.5092697143555,1157.9502410888672,0.875019078709738,0.87426484054185,0.6590059995651241,R_Orbital_Frontal_Complex,S022,T01vsT02,AL_07
1593,1593,0.071676891615541,0.928296067848882,0.9986742734909052,4909.056655883789,758.375862121582,0.8973913043478261,0.9948382377624512,2103.881423950196,481.1201705932617,0.985580451057168,0.9734881674040132,0.196938127279281,R_Orbital_Frontal_Complex,S023,T01vsT02,AL_07
1594,1594,0.132518451078674,0.8641304347826081,0.992702484130859,6482.890434265137,2038.644790649414,0.8680981595092021,0.990435600280761,2307.7459030151367,701.2938079833984,0.8856934016805711,0.8859121821641911,0.6417607069015501,R_Orbital_Frontal_Complex,S024,T01vsT02,AL_07
1595,1595,1.661039105169537,0.407935523868567,0.449537754058837,2682.856544494629,7787.623100280762,0.482871125611745,0.381021320819854,1206.8777160644531,2585.001594543457,0.0,0.0,4.196579396724701,R_Orbital_Frontal_Complex,S025,T01vsT02,AL_07
1596,1596,0.142262310917092,0.857925993604385,0.993963122367858,7657.149833679199,2536.074119567871,0.854260089686098,0.985708475112915,3106.894660949707,1060.0952911376953,0.9435215656526272,0.8914016665235881,0.410286337137222,R_Orbital_Frontal_Complex,S027,T01vsT02,AL_07
1597,1597,0.133135484024301,0.866752910737386,0.992590308189392,5463.56803894043,1679.8433074951172,0.846473029045643,0.986136078834533,2495.301223754883,905.1582870483398,0.9294036786681492,0.947602200511928,0.27615675330162,R_Orbital_Frontal_Complex,S028,T01vsT02,AL_07
1598,1598,0.176409759466935,0.8357348703170021,0.985260128974914,2364.8279571533203,929.6220245361328,0.847715736040609,0.982333064079284,1361.8147201538086,489.2747497558594,0.90189020072689,0.91979174350886,0.61304223537445,R_Orbital_Frontal_Complex,S029,T01vsT02,AL_07
1599,1599,0.171463581568436,0.8276333789329681,0.986610174179077,4933.520393371582,2054.9539489746094,0.7851851851851851,0.9685720801353452,1728.7707824707031,945.931182861328,0.807080023086841,0.8370699700382911,0.43535041809082,R_Orbital_Frontal_Complex,S031,T01vsT02,AL_07
1600,1600,0.7868170887710271,0.5978260869565211,0.869936227798461,1345.5055618286133,1810.31657409668,0.414965986394557,0.709876537322998,497.429328918457,1402.5876159667969,0.7150269195739011,0.32448558119407,1.55578875541687,R_Orbital_Frontal_Complex,S032,T01vsT02,AL_07
1601,1601,0.173773210353181,0.8436301661695781,0.987411141395568,8073.03337097168,2992.73055267334,0.841145833333333,0.98795747756958,2633.929069519043,994.858657836914,0.9304861183773212,0.913492214919382,0.682752966880798,R_Orbital_Frontal_Complex,S033,T01vsT02,AL_07
1602,1602,0.320251927280037,0.771997786386275,0.943258941173553,11375.63793182373,6719.373229980469,0.7303664921465961,0.9078880548477172,2275.127586364746,1679.8433074951172,0.681814159240067,0.776058113311014,4.890809059143066,R_Orbital_Frontal_Complex,S034,T01vsT02,AL_07
1603,1603,0.26678024290316,0.807900852052672,0.9680507183074952,8505.226066589355,4044.6712646484375,0.7606461086637291,0.9247019290924072,2112.036003112793,1329.196403503418,0.9133169379064392,0.855363712152267,3.9058298766613,R_Orbital_Frontal_Complex,S035,T01vsT02,AL_07
1604,1604,0.199088929384798,0.8263254113345521,0.986143231391906,5528.804672241211,2324.055061340332,0.777777777777777,0.92834597826004,1883.7077865600584,1076.4044494628906,0.918393208991187,0.7908762927373271,0.666989207267761,R_Orbital_Frontal_Complex,S036,T01vsT02,AL_07
1605,1605,0.26276269154256,0.7698334965719881,0.949112772941589,6409.499221801758,3832.6522064208975,0.8526315789473681,0.979439914226532,1981.5627365112305,684.9846496582031,0.887060501592117,0.936475785869108,0.8326359987258911,R_Orbital_Frontal_Complex,S037,T01vsT02,AL_07
1606,1606,0.095775715415632,0.9070063694267512,0.996952295303344,5806.060363769531,1190.5685577392578,0.8576642335766421,0.984306454658508,1916.3261032104488,636.0571746826172,0.97067382768307,0.9119852327662472,0.253879725933074,R_Orbital_Frontal_Complex,S038,T01vsT02,AL_07
1607,1607,0.241414762156441,0.7859608745684691,0.957848727703094,5569.577568054199,3033.503448486328,0.8443113772455091,0.978515803813934,2299.591323852539,848.0762329101562,0.743074469361608,0.8968323285022991,0.912041008472442,R_Orbital_Frontal_Complex,TOT7729F,T01vsT02,AL_07
1608,1608,0.073090749903824,0.9267100977198692,0.9982609748840332,4639.955543518066,733.9121246337891,0.9109489051094892,0.995876193046569,2544.2286987304688,497.429328918457,0.949064572563878,0.8722800908882951,0.258039414882659,R_posterior_OFC_Complex,07CAMINO6124,T01vsT02,AL_07
1609,1609,2.100841398006008,0.457061745919091,0.7058448195457451,2625.7744903564453,6238.253059387207,0.724014336917562,0.8897019028663631,1647.2249908447266,1255.805191040039,0.757773741398159,0.943440441032878,3.092528641223907,R_posterior_OFC_Complex,26CAMINO3920,T01vsT02,AL_07
1610,1610,0.362534229029474,0.720883534136546,0.913288176059722,2927.4939193725586,2266.9730072021484,0.7578947368421051,0.8966125249862671,2054.9539489746094,1312.8872451782229,0.6374289869231841,0.587214129323348,1.550288796424865,R_posterior_OFC_Complex,41TPEF4693,T01vsT02,AL_07
1611,1611,1.885134928260909,0.43198906356801,0.751438617706298,2576.8470153808594,6776.455284118652,0.560371517027863,0.726911127567291,1475.9788284301758,2315.9004821777344,0.364899859348414,0.5670584247546401,3.139810383319854,R_posterior_OFC_Complex,S016,T01vsT02,AL_07
1612,1612,0.636140503699774,0.6530612244897951,0.8571941852569581,2348.518798828125,2495.301223754883,0.608510638297872,0.8504705429077141,1166.1048202514648,1500.4425659179688,0.641924901866466,0.720411449867559,1.9168894290924072,R_posterior_OFC_Complex,S017,T01vsT02,AL_07
1613,1613,0.324638396642242,0.8387096774193541,0.9931054115295412,8692.781387329102,3343.377456665039,0.8851612903225801,0.990604639053344,2797.020652770996,725.7575454711914,0.94698793763365,0.9478453986859192,2.409623861312866,R_posterior_OFC_Complex,S018,T01vsT02,AL_07
1614,1614,0.5056647399960691,0.6800670016750411,0.8358717560768121,1655.3795700073242,1557.5246200561523,0.600583090379008,0.6844186186790461,839.9216537475586,1117.177345275879,0.398096575759995,0.231425731139306,1.580743432044983,R_posterior_OFC_Complex,S020,T01vsT02,AL_07
1615,1615,0.372253361821913,0.751101321585903,0.947752892971038,2780.711494445801,1842.9348907470703,0.703770197486535,0.87863665819168,1598.2975158691406,1345.5055618286133,0.570048700798196,0.70256403994626,2.043335676193237,R_posterior_OFC_Complex,S021,T01vsT02,AL_07
1616,1616,0.6514358897307511,0.562130177514792,0.8035985231399531,1549.3700408935547,2413.7554321289062,0.5355648535564851,0.6974747180938721,1043.7861328125,1810.31657409668,0.268169548055447,0.108232066345623,2.835053920745849,R_posterior_OFC_Complex,S022,T01vsT02,AL_07
1617,1617,0.051986662393541,0.947780678851174,0.999542832374572,2960.112236022949,326.18316650390625,0.935064935064935,0.998625457286834,2054.9539489746094,285.410270690918,0.988867548405099,0.986128287785014,0.257036477327346,R_posterior_OFC_Complex,S023,T01vsT02,AL_07
1618,1618,0.957525894629588,0.5336481700118061,0.862539410591125,1842.9348907470703,3221.058769226074,0.490974729241877,0.85553228855133,1109.0227661132812,2299.591323852539,0.7714494036723081,0.78265185929972,1.808078169822692,R_posterior_OFC_Complex,S024,T01vsT02,AL_07
1619,1619,0.267850125140213,0.808641975308642,0.88764750957489,4272.999481201172,2022.3356323242188,0.7948051948051941,0.8215507268905641,2495.301223754883,1288.4235076904297,0.577692594681374,0.396740725053128,1.894490003585815,R_posterior_OFC_Complex,S025,T01vsT02,AL_07
1620,1620,0.155275670664183,0.860995850622406,0.993917524814605,3384.150352478028,1092.713607788086,0.8698412698412691,0.987304091453552,2234.354690551758,668.6754913330078,0.928193778154382,0.9179690839887412,0.339293658733367,R_posterior_OFC_Complex,S027,T01vsT02,AL_07
1621,1621,2.011378987118366,0.37801350048216,0.6169494390487671,3196.595031738281,10519.407119750977,0.629940119760479,0.7303251624107361,2144.654319763184,2519.764961242676,0.268435903479002,0.460946448976136,4.140007793903351,R_posterior_OFC_Complex,S028,T01vsT02,AL_07
1622,1622,0.5247375956767291,0.676599474145486,0.8706913590431211,3147.667556762696,3009.039710998535,0.6966618287373001,0.8325856924057,1957.0989990234373,1704.3070449829102,0.8428399520633361,0.571780863926581,2.543544292449951,R_posterior_OFC_Complex,S029,T01vsT02,AL_07
1623,1623,0.431360663081685,0.712051517939282,0.945924401283264,3155.822135925293,2552.3832778930664,0.729483282674772,0.9384359121322632,1957.0989990234373,1451.5150909423828,0.753726218391576,0.618680689678328,0.983654618263244,R_posterior_OFC_Complex,S031,T01vsT02,AL_07
1624,1624,0.303615142578884,0.7753934191702431,0.906254470348358,4419.78190612793,2560.537857055664,0.7550077041602461,0.887239217758178,1997.8718948364256,1296.5780868530271,0.702996429294193,0.452183328251073,1.086712598800659,R_posterior_OFC_Complex,S032,T01vsT02,AL_07
1625,1625,0.103586992421348,0.89937106918239,0.9943121671676632,3498.3144607543945,782.839599609375,0.865168539325842,0.985290110111236,1883.7077865600584,587.1296997070312,0.928038984296542,0.892907492027834,0.463904917240142,R_posterior_OFC_Complex,S033,T01vsT02,AL_07
1626,1626,0.121626572026963,0.872682323856613,0.99223244190216,2878.5664443969727,839.9216537475586,0.842293906810035,0.977338016033172,1916.3261032104488,717.6029663085938,0.9681991625430392,0.8477205485673991,0.372444689273834,R_posterior_OFC_Complex,S034,T01vsT02,AL_07
1627,1627,0.175994196238075,0.870825456836799,0.945161342620849,5634.8142013549805,1671.6887283325195,0.8791469194312791,0.919493615627288,3025.3488693237305,831.7670745849609,0.7719018682961131,0.685639472240503,0.790759921073913,R_posterior_OFC_Complex,S035,T01vsT02,AL_07
1628,1628,0.444896970786039,0.7007042253521121,0.8944101929664611,3245.522506713867,2772.556915283203,0.7479452054794521,0.871988952159881,2226.20011138916,1500.4425659179688,0.767024582090134,0.5227813368068921,1.66945993900299,R_posterior_OFC_Complex,S036,T01vsT02,AL_07
1629,1629,0.310305273669658,0.7548460661345491,0.948732018470764,2699.165702819824,1753.234519958496,0.8233276157804461,0.9610376954078672,1957.0989990234373,839.9216537475586,0.94371742709354,0.8706363042605031,0.7600772976875301,R_posterior_OFC_Complex,S037,T01vsT02,AL_07
1630,1630,0.292022997738643,0.7847411444141691,0.9545323252677912,2348.518798828125,1288.4235076904297,0.797520661157024,0.920437455177307,1573.8337783813477,799.1487579345703,0.816557276340915,0.850172515643951,0.82608288526535,R_posterior_OFC_Complex,S038,T01vsT02,AL_07
1631,1631,0.350971705213586,0.7228525121555911,0.903369665145874,3636.942306518554,2788.8660736083984,0.7867549668874171,0.919814467430114,2421.910011291504,1312.8872451782229,0.599489639750256,0.6007511878358011,2.203698396682739,R_posterior_OFC_Complex,TOT7729F,T01vsT02,AL_07
